month,sum,mean,min,max,count
2024-02,28898.989999999998,3612.3737499999997,150.0,15000.0,8
